"location_id","date","excess_rel_baseline","value","ramp_outbreak","raw_value","perc_75","who_outbreak","location_name","ramp_threshold"
"KhT80mlwJ3Y",2018-01-16,0.856871327766444,4508.76111414641,0,4524,7159,0,"Tororo District",10523.776366515
"KhT80mlwJ3Y",2018-02-15,0.721594017920981,4329.5,0,4393,6143,0,"Tororo District",11999.8223169142
"KhT80mlwJ3Y",2018-03-16,0.604923562534289,3876.2777970867,0,3835,7690.5,0,"Tororo District",12815.7606585774
"KhT80mlwJ3Y",2018-04-15,0.676464600213006,5496.24636691472,0,5167,12023,0,"Tororo District",16249.9157093632
"KhT80mlwJ3Y",2018-05-16,0.881617874113578,9275.42234245003,0,9180,15956.5,0,"Tororo District",21041.8200782873
"KhT80mlwJ3Y",2018-06-15,0.938423385505685,10365.1147234583,0,10139,21485,0,"Tororo District",22090.486838993
"KhT80mlwJ3Y",2018-07-16,0.760098955013315,5835.83333333333,0,5858,15609.5,0,"Tororo District",15355.456798993
"KhT80mlwJ3Y",2018-08-16,0.69252718460845,5335.92102996759,0,5305,9828,0,"Tororo District",15409.9973215766
"KhT80mlwJ3Y",2018-09-15,0.556489588408059,2874.76009661695,0,2900,6040.5,0,"Tororo District",10331.7659719052
"KhT80mlwJ3Y",2018-10-16,0.642739914464822,3669.66666666667,0,3700,6336.5,0,"Tororo District",11418.8230233755
"KhT80mlwJ3Y",2018-11-15,0.722750546610605,3765.33333333333,0,3714,6456,0,"Tororo District",10419.4548201759
"KhT80mlwJ3Y",2018-12-16,0.63452933729129,2947.66666666667,0,2966,4952.5,0,"Tororo District",9290.87590890537
"KhT80mlwJ3Y",2019-01-16,0.682142372572439,3591.48797593097,0,3531,6550.5,0,"Tororo District",10530.024582367
"KhT80mlwJ3Y",2019-02-15,0.792940438794013,4527.83333333333,0,4538,5990.5,0,"Tororo District",11420.3617618991
"KhT80mlwJ3Y",2019-03-16,0.813419253247795,5167.77828420051,0,5201,7207.75,0,"Tororo District",12706.3092336867
"KhT80mlwJ3Y",2019-04-15,0.791240349668894,5833.5,0,5915,9902,0,"Tororo District",14745.203533771
"KhT80mlwJ3Y",2019-05-16,0.761105702961613,6503,0,6338,13412.25,0,"Tororo District",17088.2966050459
"KhT80mlwJ3Y",2019-06-15,0.879966335725871,8498,0,8552,21404,0,"Tororo District",19314.3752322982
"KhT80mlwJ3Y",2019-07-16,1.05818030836311,9471.75002237081,0,10339,14070,0,"Tororo District",17901.9585745695
"KhT80mlwJ3Y",2019-08-16,1.11698366367996,7735.76113392698,0,7844,9278,0,"Tororo District",13851.1625289865
"KhT80mlwJ3Y",2019-09-15,0.931556000413054,4756.16660010663,0,4555,5573,0,"Tororo District",10211.230667824
"KhT80mlwJ3Y",2019-10-16,0.935815327586294,4653,0,4644,6145,0,"Tororo District",9944.26969261397
"KhT80mlwJ3Y",2019-11-15,1.0052225618759,4697.86277892325,0,4575,6320,0,"Tororo District",9346.91073816794
"KhT80mlwJ3Y",2019-12-16,1.08921390093824,4894.71417166771,0,4715,4777,0,"Tororo District",8987.60871019262
"KhT80mlwJ3Y",2020-01-16,1.40177822368603,7536.02139938772,0,6055,6055,0,"Tororo District",10752.0879866024
"KhT80mlwJ3Y",2020-02-15,1.27234448304718,6690.85714285714,0,6830,6448,1,"Tororo District",10517.3673199462
"KhT80mlwJ3Y",2020-03-16,0.959123646498751,5450.5409595085,0,5576,6725,0,"Tororo District",11365.6690238126
"KhT80mlwJ3Y",2020-04-15,0.682767081342379,4108.21428571429,0,4358,7781,0,"Tororo District",12034.0139352858
"KhT80mlwJ3Y",2020-05-16,0.730656559228414,6394.14285714286,0,6587,10868,0,"Tororo District",17502.4579643689
"KhT80mlwJ3Y",2020-06-15,0.81262037436782,7313.07142857143,0,7394,18587.75,0,"Tororo District",17998.7400248502
"KhT80mlwJ3Y",2020-07-16,0.791739183072392,6127,0,6352,13137.25,0,"Tororo District",15477.3191247749
"KhT80mlwJ3Y",2020-08-16,0.824008666011378,5636.78570131802,0,5658,9086.5,0,"Tororo District",13681.3748054445
"KhT80mlwJ3Y",2020-09-15,0.837436557588547,4454.04770002594,0,4528,5493.75,0,"Tororo District",10637.3376219726
"KhT80mlwJ3Y",2020-10-16,0.962944513231509,4969.4,0,4968,6121.25,0,"Tororo District",10321.2592869414
"KhT80mlwJ3Y",2020-11-15,1.18722327951119,6064.8,0,6075,6258.75,0,"Tororo District",10216.7807937476
"KhT80mlwJ3Y",2020-12-16,1.42173361420476,7135.05108702547,0,7163,5303.5,1,"Tororo District",10037.1138668145
"KhT80mlwJ3Y",2021-01-16,1.62268317512216,8428.25628222362,0,8555,7795.75,1,"Tororo District",10388.0491416189
"KhT80mlwJ3Y",2021-02-15,1.55584526586464,8318.19726291683,0,8865,6734.5,1,"Tororo District",10692.8335939553
"KhT80mlwJ3Y",2021-03-16,1.75559604208713,11783.4345609918,0,14583,8173.25,1,"Tororo District",13423.8563752777
"KhT80mlwJ3Y",2021-04-15,1.50006938140686,9412.55785048711,0,10524,9838.25,1,"Tororo District",12549.4966661601
"KhT80mlwJ3Y",2021-05-16,1.40392138085996,11699.5975876389,0,12369,11993.75,1,"Tororo District",16667.0267254886
"KhT80mlwJ3Y",2021-06-15,1.53905467294467,13851.1033585234,0,14371,17887.5,0,"Tororo District",17999.4948873676
"KhT80mlwJ3Y",2021-07-16,1.53047372291879,11795.2013588997,0,11318,12694,0,"Tororo District",15413.7914062385
"KhT80mlwJ3Y",2021-08-16,1.62807984323749,11732.1431146082,0,10138,9708,1,"Tororo District",14412.2453985776
"KhT80mlwJ3Y",2021-09-15,2.39688912794597,16118.2059101385,1,15892,6508,1,"Tororo District",13449.2711591972
"KhT80mlwJ3Y",2021-10-16,2.86981925392328,14555.292844014,1,11800,6528,1,"Tororo District",10143.7000425136
"KhT80mlwJ3Y",2021-11-15,3.40055652408507,21159.2979443195,1,29509,6592,1,"Tororo District",12444.6088717861
"KhT80mlwJ3Y",2021-12-16,3.83052949721171,23787.5204610479,1,27460,6321,1,"Tororo District",12419.96464372
"KhT80mlwJ3Y",2022-01-16,4.13799232488781,24485.2527328836,1,31053,8465.5,1,"Tororo District",11834.3635321013
"KhT80mlwJ3Y",2022-02-15,4.04995953924901,24473.7618811071,1,15414,7847.5,1,"Tororo District",12085.9290785139
"KhT80mlwJ3Y",2022-03-16,4.2673718318711,31788.9737526974,1,38702,11619.5,1,"Tororo District",14898.6191056892
"KhT80mlwJ3Y",2022-04-15,4.06434143306116,30369.6421490984,1,33601,13394.5,1,"Tororo District",14944.4344916784
"KhT80mlwJ3Y",2022-05-16,3.41748235794897,29150.388672074,1,35198,16707,1,"Tororo District",17059.5693664788
"KhT80mlwJ3Y",2022-06-15,3.40521547942734,31299.8288553526,1,29152,21485,1,"Tororo District",18383.4644500185
"KhT80mlwJ3Y",2022-07-16,3.96847971623129,36130.9451441081,1,48382,15609.5,1,"Tororo District",18208.9604723595
"KhT80mlwJ3Y",2022-08-16,4.38504202261025,35193.7632093825,1,43589,10473,1,"Tororo District",16051.7336107228
"KhT80mlwJ3Y",2022-09-15,5.05190853136993,33016.8576302547,1,36902,9555.25,1,"Tororo District",13071.0433196626
"KhT80mlwJ3Y",2022-10-16,5.08054354997931,30009.3693198346,1,20952,8133.25,1,"Tororo District",11813.4483149768
"KhT80mlwJ3Y",2022-11-15,5.01749456669813,32243.9926040427,1,38308,12525.25,1,"Tororo District",12852.6268142076
"KhT80mlwJ3Y",2022-12-16,4.30202445594089,27321.8786230688,1,20249,10434.5,1,"Tororo District",12701.8704346688
"KhT80mlwJ3Y",2023-01-16,4.02555928308459,26706.0030502522,1,23208,12218.25,1,"Tororo District",13268.2199775176
"KhT80mlwJ3Y",2023-02-15,3.63610325408735,22871.6114388947,1,13244,9959.75,1,"Tororo District",12580.287104435
"KhT80mlwJ3Y",2023-03-16,3.13281088492703,23884.5639613461,1,39048,20612.75,1,"Tororo District",15248.008793804
"KhT80mlwJ3Y",2023-04-15,2.57891753700328,20535.2926106794,1,21822,17654.25,1,"Tororo District",15925.5131783248
"KhT80mlwJ3Y",2023-05-16,1.93076891903668,16883.7733932387,0,17740,18566.25,0,"Tororo District",17489.1704820508
"KhT80mlwJ3Y",2023-06-15,1.55685295537492,14282.2842037351,0,14772,21404,0,"Tororo District",18347.6341223191
"KhT80mlwJ3Y",2023-07-16,1.14506715866691,9880.19629458581,0,9408,14070,0,"Tororo District",17256.9726060231
"KhT80mlwJ3Y",2023-08-16,0.935154247763291,7852.66666666667,0,8323,10138,0,"Tororo District",16794.3773670466
"KhT80mlwJ3Y",2023-09-15,0.969233660719737,6425.71770148047,0,6404,7443,0,"Tororo District",13259.3779227784
"KhT80mlwJ3Y",2023-10-16,0.964865032597365,5889.20369961621,0,6027,6911,0,"Tororo District",12207.3108686772
"KhT80mlwJ3Y",2023-11-15,1.00941238943083,6821.8,0,7325,7325,0,"Tororo District",13516.3785811001
"KhT80mlwJ3Y",2023-12-16,0.959137660015733,6170.33501034613,0,6251,7163,0,"Tororo District",12866.4221364114
"KhT80mlwJ3Y",2024-01-16,1.14660478674548,8565.54681921244,0,9312,9312,0,"Tororo District",14940.7135191279
"KhT80mlwJ3Y",2024-02-15,1.16796114503666,9512.5,0,10282,10282,0,"Tororo District",16289.0692732787
"KhT80mlwJ3Y",2024-03-16,1.19531942266239,9722.33333333333,0,11430,14583,0,"Tororo District",16267.3393387657
"KhT80mlwJ3Y",2024-04-15,1.08105183547166,9227.40580586622,0,12123,16265,0,"Tororo District",17071.1625531635
"KhT80mlwJ3Y",2024-05-16,0.919219763909753,7701.62589038605,0,9794,17740,0,"Tororo District",16756.8761960218
"KhT80mlwJ3Y",2024-06-15,0.789271749348707,7027.76788272094,0,8281,19746,0,"Tororo District",17808.2337002943
"KhT80mlwJ3Y",2024-07-16,0.695734808585968,6162.62887158021,0,6989,13382,0,"Tororo District",17715.4536341378
"KhT80mlwJ3Y",2024-08-16,0.635995005458534,4719.79882996601,0,5128,9923,0,"Tororo District",14842.2512424077
"KhT80mlwJ3Y",2024-09-15,0.606277135485593,3782.70266445156,0,4268,7183.25,0,"Tororo District",12478.4605687689
"KhT80mlwJ3Y",2024-10-16,0.616823207246422,3617.97545455229,0,4059,6719.5,0,"Tororo District",11730.9965385492
"KhT80mlwJ3Y",2024-11-15,0.540365334955054,3042,0,3398,7209.75,0,"Tororo District",11259.0493994328
"KhT80mlwJ3Y",2024-12-16,0.467616069149501,2982,0,3319,6935,0,"Tororo District",12754.0527228829
"KhT80mlwJ3Y",2025-01-16,0.631811054470695,5062.61879532133,0,5461,9122.75,0,"Tororo District",16025.7366802883
"KhT80mlwJ3Y",2025-02-15,0.629453765930458,4855.19565803049,0,5303,9927.75,0,"Tororo District",15426.6950833269
"KhT80mlwJ3Y",2025-03-16,0.63347721058759,4711.57692933474,0,4988,13794.75,0,"Tororo District",14875.2847003429
"fsP0Wxie1UW",2018-01-16,0.64652852807697,258.104244742509,0,260,924.5,0,"Rukiga District",798.431108709813
"fsP0Wxie1UW",2018-02-15,0.490577470865259,154.24827292644,0,121,560.5,0,"Rukiga District",628.843687641765
"fsP0Wxie1UW",2018-03-16,0.478689583816504,174.468824433397,0,156,450,0,"Rukiga District",728.943475403785
"fsP0Wxie1UW",2018-04-15,0.481074632357431,177.212659930057,0,177,490,0,"Rukiga District",736.736664170605
"fsP0Wxie1UW",2018-05-16,0.437850368313179,177.5,0,172,632.5,0,"Rukiga District",810.779265454634
"fsP0Wxie1UW",2018-06-15,0.430157807649346,149,0,149,655.5,0,"Rukiga District",692.769013373163
"fsP0Wxie1UW",2018-07-16,0.43449002011839,156.89576710628,0,127,492.75,0,"Rukiga District",722.206540272337
"fsP0Wxie1UW",2018-08-16,0.4125908986282,139.985433061911,0,123,400.75,0,"Rukiga District",678.567721815196
"fsP0Wxie1UW",2018-09-15,0.382710959160852,120.244887052531,0,106,331,0,"Rukiga District",628.384864212851
"fsP0Wxie1UW",2018-10-16,0.379429650148659,132.5,0,119,305.75,0,"Rukiga District",698.416689091572
"fsP0Wxie1UW",2018-11-15,0.3366357626664,122.666666666667,0,106,737.75,0,"Rukiga District",728.779768941113
"fsP0Wxie1UW",2018-12-16,0.329592797892945,129.333333333333,0,120,1053,0,"Rukiga District",784.806792867735
"fsP0Wxie1UW",2019-01-16,0.355300165340091,123.964540552823,0,110,774.25,0,"Rukiga District",697.801761134363
"fsP0Wxie1UW",2019-02-15,0.416134105676993,137.404460273532,0,105,449.25,0,"Rukiga District",660.385478618696
"fsP0Wxie1UW",2019-03-16,0.405459689576339,121.061554298892,0,88,421,0,"Rukiga District",597.157041309769
"fsP0Wxie1UW",2019-04-15,0.443323082547688,154.884144028382,0,120,462.5,0,"Rukiga District",698.741618136796
"fsP0Wxie1UW",2019-05-16,0.452136804542934,158,0,159,513.75,0,"Rukiga District",698.903510674042
"fsP0Wxie1UW",2019-06-15,0.46403670672772,157,0,148,475,0,"Rukiga District",676.670606974728
"fsP0Wxie1UW",2019-07-16,0.527493806110563,178.048331886332,0,164,412,0,"Rukiga District",675.072692129443
"fsP0Wxie1UW",2019-08-16,0.58167448195458,187,0,182,277,0,"Rukiga District",642.971303714856
"fsP0Wxie1UW",2019-09-15,0.551293893296539,158,0,150,258,0,"Rukiga District",573.196989559297
"fsP0Wxie1UW",2019-10-16,0.46128588433772,135.264747410558,0,134,270,0,"Rukiga District",586.468183845518
"fsP0Wxie1UW",2019-11-15,0.523771949981073,169.85635233109,0,130,713,0,"Rukiga District",648.588960662089
"fsP0Wxie1UW",2019-12-16,0.570151221136105,180,0,172,754,0,"Rukiga District",631.411433764275
"fsP0Wxie1UW",2020-01-16,0.628595847800926,182.920439249284,0,192,624,0,"Rukiga District",581.996969560684
"fsP0Wxie1UW",2020-02-15,0.647235650734244,160.30879555731,0,134,338,0,"Rukiga District",495.364541107867
"fsP0Wxie1UW",2020-03-16,0.571441020168998,142.968185888997,0,127,392,0,"Rukiga District",500.377749734226
"fsP0Wxie1UW",2020-04-15,0.484242536957855,114.678083324148,0,97,435,0,"Rukiga District",473.639032393095
"fsP0Wxie1UW",2020-05-16,0.4536893972924,127.968544442862,0,114,395,0,"Rukiga District",564.124024967624
"fsP0Wxie1UW",2020-06-15,0.427755939315909,100.2,0,97,393.5,0,"Rukiga District",468.491449401008
"fsP0Wxie1UW",2020-07-16,0.441889613251856,112.633333333333,0,108,368.5,0,"Rukiga District",509.780406488701
"fsP0Wxie1UW",2020-08-16,0.465419618395084,112.916107081103,0,104,256.5,0,"Rukiga District",485.222808056411
"fsP0Wxie1UW",2020-09-15,0.539092301601451,109.952276630589,0,98,231,0,"Rukiga District",407.916330112524
"fsP0Wxie1UW",2020-10-16,0.710557564325366,138.766666666667,0,128,244.75,0,"Rukiga District",390.58529142088
"fsP0Wxie1UW",2020-11-15,0.760530197477974,152.837310843628,0,128,607.75,0,"Rukiga District",401.923056705594
"fsP0Wxie1UW",2020-12-16,0.859445684065971,188.3,0,176,637.5,0,"Rukiga District",438.189413225434
"fsP0Wxie1UW",2021-01-16,1.09238252721391,234.986547804274,0,152,533,0,"Rukiga District",430.227584111219
"fsP0Wxie1UW",2021-02-15,1.15411173924122,211.25830673403,0,196,302.5,0,"Rukiga District",366.096799037714
"fsP0Wxie1UW",2021-03-16,1.21843253191712,244.5,0,230,351.5,0,"Rukiga District",401.335311714464
"fsP0Wxie1UW",2021-04-15,1.18488428270441,239.335587912729,0,229,383.5,0,"Rukiga District",403.981370005961
"fsP0Wxie1UW",2021-05-16,1.22823768366667,300.666666666667,0,288,368.25,0,"Rukiga District",489.590362948453
"fsP0Wxie1UW",2021-06-15,1.42132700997251,366,0,358,416.5,0,"Rukiga District",515.011672095191
"fsP0Wxie1UW",2021-07-16,1.71776301784575,426.423367331994,0,228,325,0,"Rukiga District",496.486841202079
"fsP0Wxie1UW",2021-08-16,1.97807726626561,478.915712873685,0,242,259.5,0,"Rukiga District",484.223463907277
"fsP0Wxie1UW",2021-09-15,2.31578503274774,546.25,1,227,242.5,0,"Rukiga District",471.762268324069
"fsP0Wxie1UW",2021-10-16,2.72572734871569,695.5,1,651,341.5,1,"Rukiga District",510.32250186557
"fsP0Wxie1UW",2021-11-15,2.77000718854952,750.085161911697,1,1184,762.5,1,"Rukiga District",541.576328763587
"fsP0Wxie1UW",2021-12-16,2.9638306403664,870.818035282893,1,1425,1089.5,1,"Rukiga District",587.630091559645
"fsP0Wxie1UW",2022-01-16,3.27594733144403,868.971731902305,1,1313,924.5,1,"Rukiga District",530.516301993942
"fsP0Wxie1UW",2022-02-15,3.51218934495479,828.5855830073,1,1044,560.5,1,"Rukiga District",471.83423308174
"fsP0Wxie1UW",2022-03-16,3.20727295275995,791.449378577825,1,878,450,1,"Rukiga District",493.534158292801
"fsP0Wxie1UW",2022-04-15,2.8651443599481,703.266666666667,1,659,490,1,"Rukiga District",490.911855261217
"fsP0Wxie1UW",2022-05-16,2.72813003134179,750.390476190476,1,916,632.5,1,"Rukiga District",550.113423898205
"fsP0Wxie1UW",2022-06-15,2.5927322281686,636.907779349823,1,789,553.5,1,"Rukiga District",491.302397085339
"fsP0Wxie1UW",2022-07-16,2.44855678420511,630.971428571429,1,631,466.75,1,"Rukiga District",515.382312259721
"fsP0Wxie1UW",2022-08-16,1.95612313136453,477.095238095238,0,457,322,1,"Rukiga District",487.796734720305
"fsP0Wxie1UW",2022-09-15,1.71389706060008,444.682912767493,0,354,282,1,"Rukiga District",518.914377053425
"fsP0Wxie1UW",2022-10-16,1.73716692559336,501.138627756,0,465,426,1,"Rukiga District",576.960820946816
"fsP0Wxie1UW",2022-11-15,1.47473670321341,460.5,0,454,737.75,0,"Rukiga District",624.518260102409
"fsP0Wxie1UW",2022-12-16,1.4445713693265,521.5,0,526,921.75,0,"Rukiga District",722.013478978387
"fsP0Wxie1UW",2023-01-16,1.59613262666436,527.644204756031,0,614,774.25,0,"Rukiga District",661.15333518207
"fsP0Wxie1UW",2023-02-15,1.4044451997404,373.301167449337,0,368,471.75,0,"Rukiga District",531.599477883989
"fsP0Wxie1UW",2023-03-16,1.1165169572504,304.013170605777,0,304,421,0,"Rukiga District",544.574211133266
"fsP0Wxie1UW",2023-04-15,1.05051742109002,307.860011547142,0,143,462.5,0,"Rukiga District",586.111196952272
"fsP0Wxie1UW",2023-05-16,1.21995205230901,414.33288342802,0,542,624,0,"Rukiga District",679.260931023988
"fsP0Wxie1UW",2023-06-15,1.40832504166638,498.312610829695,0,709,709,0,"Rukiga District",707.667045726991
"fsP0Wxie1UW",2023-07-16,1.66123791392325,540.666666666667,0,535,535,0,"Rukiga District",650.920210928496
"fsP0Wxie1UW",2023-08-16,1.5743291995416,482.582517038258,0,507,457,1,"Rukiga District",613.064303423671
"fsP0Wxie1UW",2023-09-15,1.70859030316433,545.666666666667,0,645,354,1,"Rukiga District",638.733189174825
"fsP0Wxie1UW",2023-10-16,1.76063139914239,581.666666666667,0,769,465,1,"Rukiga District",660.747805531582
"fsP0Wxie1UW",2023-11-15,1.54631805096122,527.032956262326,0,780,780,0,"Rukiga District",681.661778357579
"fsP0Wxie1UW",2023-12-16,1.37442820626456,490,0,488,754,0,"Rukiga District",713.023783660156
"fsP0Wxie1UW",2024-01-16,1.25101775829074,418,0,416,624,0,"Rukiga District",668.255901612638
"fsP0Wxie1UW",2024-02-15,1.1405659048472,322,0,319,368,0,"Rukiga District",564.63199299849
"fsP0Wxie1UW",2024-03-16,0.95505729082705,263.144044028051,0,277,392,0,"Rukiga District",551.053945256366
"fsP0Wxie1UW",2024-04-15,0.893456444039318,265.658155805968,0,249,435,0,"Rukiga District",594.675112767506
"fsP0Wxie1UW",2024-05-16,0.778573763014598,224.211540146626,0,223,542,0,"Rukiga District",575.954522994688
"fsP0Wxie1UW",2024-06-15,0.770819644171627,255,0,273,650.5,0,"Rukiga District",661.633371510763
"fsP0Wxie1UW",2024-07-16,0.728289861510633,213.374333491926,0,252,504.25,0,"Rukiga District",585.95991724872
"fsP0Wxie1UW",2024-08-16,0.633849235935478,183,0,174,412,0,"Rukiga District",577.424376728691
"fsP0Wxie1UW",2024-09-15,0.570573348016133,160.5,0,158,330,0,"Rukiga District",562.591998234947
"fsP0Wxie1UW",2024-10-16,0.53255350993922,162.205109719682,0,147,452,0,"Rukiga District",609.159856023461
"fsP0Wxie1UW",2024-11-15,0.556880806253255,193.666666666667,0,180,763.25,0,"Rukiga District",695.540821274391
"fsP0Wxie1UW",2024-12-16,0.530375191319132,182.666666666667,0,180,697,0,"Rukiga District",688.82055441675
"fsP0Wxie1UW",2025-01-16,0.564987265681361,180.5,0,177,621.5,0,"Rukiga District",638.95245420203
"fsP0Wxie1UW",2025-02-15,0.534471828306069,139.5,0,130,360.5,0,"Rukiga District",522.010675257198
"fsP0Wxie1UW",2025-03-16,0.473217333784935,120.766830428307,0,95,370,0,"Rukiga District",510.40746737816
"g8M1cWRJZV6",2018-01-16,1.2485364406401,8050.9567794244,0,5015,5789.5,0,"Bundibugyo District",12896.6308348947
"g8M1cWRJZV6",2018-02-15,1.09517553684482,6508.91474202158,0,6904,6122,1,"Bundibugyo District",11886.5232522882
"g8M1cWRJZV6",2018-03-16,1.17233199263473,8691.05841390846,0,12890,9370.5,1,"Bundibugyo District",14826.9576681533
"g8M1cWRJZV6",2018-04-15,1.14142699037786,8744.75471698113,0,8971,8575.5,1,"Bundibugyo District",15322.4950709922
"g8M1cWRJZV6",2018-05-16,1.02534768871205,8721.66498808306,0,8929,10023,0,"Bundibugyo District",17012.1122505058
"g8M1cWRJZV6",2018-06-15,0.854341193239826,6889.8679245283,0,7094,10743,0,"Bundibugyo District",16129.0781225253
"g8M1cWRJZV6",2018-07-16,0.765189527601888,6643.94372034365,0,6603,10287,0,"Bundibugyo District",17365.4852312625
"g8M1cWRJZV6",2018-08-16,0.527547758493254,3573.98113207547,0,3577,8280.25,0,"Bundibugyo District",13549.4126343489
"g8M1cWRJZV6",2018-09-15,0.503487742660868,4193.03773584906,0,4123,10193.25,0,"Bundibugyo District",16655.9674866736
"g8M1cWRJZV6",2018-10-16,0.522566163774246,3978.93125898779,0,4038,8158.25,0,"Bundibugyo District",15228.4305216008
"g8M1cWRJZV6",2018-11-15,0.59250383681054,4482.15094339623,0,4500,7435.75,0,"Bundibugyo District",15129.5254644214
"g8M1cWRJZV6",2018-12-16,0.625439721823285,4195.20754716981,0,4141,6601,0,"Bundibugyo District",13415.2258028637
"g8M1cWRJZV6",2019-01-16,0.720638292441635,5112.2641509434,0,5074,5717.25,0,"Bundibugyo District",14188.1557074139
"g8M1cWRJZV6",2019-02-15,0.657234784735752,4144.32075471698,0,4093,5731,0,"Bundibugyo District",12611.3859186052
"g8M1cWRJZV6",2019-03-16,0.773456760474364,6204.37735849057,0,6040,7752.5,0,"Bundibugyo District",16043.2429466009
"g8M1cWRJZV6",2019-04-15,0.778529034051916,6343.43396226415,0,6320,8377.75,0,"Bundibugyo District",16295.9470612143
"g8M1cWRJZV6",2019-05-16,1.09215501196248,10781.4905660377,0,10801,10614.25,1,"Bundibugyo District",19743.5170794384
"g8M1cWRJZV6",2019-06-15,0.996993966012492,8166.99753812477,0,8289,10653,0,"Bundibugyo District",16383.2436635277
"g8M1cWRJZV6",2019-07-16,1.43141100044491,14806.444083924,0,14541,12855,1,"Bundibugyo District",20687.9003714822
"g8M1cWRJZV6",2019-08-16,1.17929084131664,7906.42663156305,0,8054,8054,0,"Bundibugyo District",13408.7815398206
"g8M1cWRJZV6",2019-09-15,1.21124796204459,10465.8159790943,0,10415,10415,0,"Bundibugyo District",17281.0461722932
"g8M1cWRJZV6",2019-10-16,0.946153661840375,5570.57581883869,0,5737,7123,0,"Bundibugyo District",11775.2032117136
"g8M1cWRJZV6",2019-11-15,1.10103302582818,8745.02045816153,0,9056,7870,1,"Bundibugyo District",15885.1192525923
"g8M1cWRJZV6",2019-12-16,0.903844014316091,5161.88679245283,0,5124,6562,0,"Bundibugyo District",11422.0744081791
"g8M1cWRJZV6",2020-01-16,0.806503384083769,5014.9779919126,0,4744,5645,0,"Bundibugyo District",12436.3470529262
"g8M1cWRJZV6",2020-02-15,1.01989995388936,6865,0,6865,6865,0,"Bundibugyo District",13462.1047364902
"g8M1cWRJZV6",2020-03-16,1.00503275912951,6852,0,6852,6852,0,"Bundibugyo District",13635.3764347636
"g8M1cWRJZV6",2020-04-15,0.892247714629022,6784.22647515225,0,6718,8180,0,"Bundibugyo District",15207.0470205082
"g8M1cWRJZV6",2020-05-16,0.865193429280189,7667.5,0,7780,10552,0,"Bundibugyo District",17724.3602193768
"g8M1cWRJZV6",2020-06-15,1.121937408523,11313,0,11684,10923,1,"Bundibugyo District",20166.9004243173
"g8M1cWRJZV6",2020-07-16,1.12128095841596,9971.5,0,10149,12178.5,0,"Bundibugyo District",17785.9080280589
"g8M1cWRJZV6",2020-08-16,0.882684752894663,6063.95105015547,0,5928,7941.5,0,"Bundibugyo District",13739.7888210246
"g8M1cWRJZV6",2020-09-15,0.873496377268589,7090,0,6631,10169.25,0,"Bundibugyo District",16233.6105438018
"g8M1cWRJZV6",2020-10-16,0.864466846455202,6158.22332770365,0,5396,7021.25,0,"Bundibugyo District",14247.4482461781
"g8M1cWRJZV6",2020-11-15,1.17962033936743,9521,0,9521,8759.5,1,"Bundibugyo District",16142.4819194041
"g8M1cWRJZV6",2020-12-16,1.16952476273367,7413,0,7413,6679,1,"Bundibugyo District",12676.9440651649
"g8M1cWRJZV6",2021-01-16,1.19575317568147,7589.5,0,7574,5861.75,1,"Bundibugyo District",12694.091313075
"g8M1cWRJZV6",2021-02-15,1.08561484975272,6463,0,6446,6760.25,0,"Bundibugyo District",11906.6167922669
"g8M1cWRJZV6",2021-03-16,1.02421087135744,7155.35567751984,0,6588,6786,0,"Bundibugyo District",13972.4267289537
"g8M1cWRJZV6",2021-04-15,1.01543126429292,7955.5,0,7803,8085.75,0,"Bundibugyo District",15669.2043661659
"g8M1cWRJZV6",2021-05-16,1.1307791194185,10454.8505771105,0,10130,10446.5,0,"Bundibugyo District",18491.410740741
"g8M1cWRJZV6",2021-06-15,1.13519701232144,10193.9707171494,0,10204,10833,0,"Bundibugyo District",17959.8265437699
"g8M1cWRJZV6",2021-07-16,1.15792129271094,10230,0,10230,11542.5,0,"Bundibugyo District",17669.5947546649
"g8M1cWRJZV6",2021-08-16,1.07481714043543,8001.66666666667,0,7650,7852,0,"Bundibugyo District",14889.3544132075
"g8M1cWRJZV6",2021-09-15,0.916933376246704,6567,0,5957,9923.5,0,"Bundibugyo District",14323.8323963749
"g8M1cWRJZV6",2021-10-16,1.35767226552675,11647.3333333333,0,11659,9193.5,1,"Bundibugyo District",17157.7981359358
"g8M1cWRJZV6",2021-11-15,1.52482137805409,11255.3333333333,0,11441,9288.5,1,"Bundibugyo District",14762.8220528976
"g8M1cWRJZV6",2021-12-16,1.2289095400436,7267.16666666667,0,7115,6916.5,1,"Bundibugyo District",11827.0164399714
"g8M1cWRJZV6",2022-01-16,1.38790266653259,9387,0,9387,6754,1,"Bundibugyo District",13526.8851719287
"g8M1cWRJZV6",2022-02-15,1.96334325097065,13950.4470608355,0,14788,6884.5,1,"Bundibugyo District",14210.9099404178
"g8M1cWRJZV6",2022-03-16,1.7555020466955,11384.6666666667,0,11399,9125.5,1,"Bundibugyo District",12970.2687480164
"g8M1cWRJZV6",2022-04-15,1.63425365464097,12974.9380113997,0,14757,8575.5,1,"Bundibugyo District",15878.7321350677
"g8M1cWRJZV6",2022-05-16,1.88193951423156,17743.6571399454,0,19689,10676.5,1,"Bundibugyo District",18856.777282973
"g8M1cWRJZV6",2022-06-15,1.6710282949681,14461.5488153254,0,14950,11180.75,1,"Bundibugyo District",17308.5624688377
"g8M1cWRJZV6",2022-07-16,1.68052899136663,15062.3819250758,0,15834,13276.5,1,"Bundibugyo District",17925.7626645606
"g8M1cWRJZV6",2022-08-16,1.58359592586353,12020,0,11699,8617.75,1,"Bundibugyo District",15180.6402172266
"g8M1cWRJZV6",2022-09-15,1.52373965565135,11334.3888651712,0,11425,10667.5,1,"Bundibugyo District",14877.0675136444
"g8M1cWRJZV6",2022-10-16,1.90325922622441,15959.7142857143,0,16275,11362.75,1,"Bundibugyo District",16770.9306917422
"g8M1cWRJZV6",2022-11-15,1.56795295911479,10003.5714285714,0,9447,9465.5,0,"Bundibugyo District",12760.0402428132
"g8M1cWRJZV6",2022-12-16,1.10129650661124,6721.57241289255,0,5235,6817.25,0,"Bundibugyo District",12206.653471689
"g8M1cWRJZV6",2023-01-16,1.11424564056626,7502.36574252083,0,6005,6397.25,0,"Bundibugyo District",13466.2689614978
"g8M1cWRJZV6",2023-02-15,1.54674653750244,11779.8095238095,0,11812,8131,1,"Bundibugyo District",15231.7257394099
"g8M1cWRJZV6",2023-03-16,1.22762963398499,7394.66666666667,0,6995,8096,0,"Bundibugyo District",12047.0644597637
"g8M1cWRJZV6",2023-04-15,0.88857749117817,6671.15086103014,0,5677,8377.75,0,"Bundibugyo District",15015.3496510131
"g8M1cWRJZV6",2023-05-16,1.30953306237528,13458.1772481438,0,14125,11632,1,"Bundibugyo District",20554.1618380109
"g8M1cWRJZV6",2023-06-15,1.32911495786247,11928.4150374982,0,12278,11684,1,"Bundibugyo District",17949.4105711998
"g8M1cWRJZV6",2023-07-16,0.990087785456584,7697.79254277255,0,7291,12855,0,"Bundibugyo District",15549.7172187064
"g8M1cWRJZV6",2023-08-16,0.82969727353986,6496.59350331194,0,5587,8054,0,"Bundibugyo District",15660.1539151613
"g8M1cWRJZV6",2023-09-15,0.849802668412064,6760,0,6726,10415,0,"Bundibugyo District",15909.5758374864
"g8M1cWRJZV6",2023-10-16,1.33563047348173,11871.6789191431,0,14545,11659,1,"Bundibugyo District",17776.8913705539
"g8M1cWRJZV6",2023-11-15,1.25376845547913,8582,0,8614,9447,0,"Bundibugyo District",13689.9280923771
"g8M1cWRJZV6",2023-12-16,0.811165974623694,4450.5,0,4469,6718,0,"Bundibugyo District",10973.0933969823
"g8M1cWRJZV6",2024-01-16,0.661858296589728,4195.96639800761,0,3609,6005,0,"Bundibugyo District",12679.3497025802
"g8M1cWRJZV6",2024-02-15,0.977400388155544,7283,0,7283,7283,0,"Bundibugyo District",14902.7974374837
"g8M1cWRJZV6",2024-03-16,0.8647903277742,5568,0,5568,6995,0,"Bundibugyo District",12877.1097945347
"g8M1cWRJZV6",2024-04-15,0.724078795354212,5460.45899351904,0,5526,8180,0,"Bundibugyo District",15082.4993869565
"g8M1cWRJZV6",2024-05-16,0.562373706945726,4617,0,4617,10801,0,"Bundibugyo District",16419.686564207
"g8M1cWRJZV6",2024-06-15,0.578781562227164,5365,0,5365,11516.25,0,"Bundibugyo District",18538.9457789753
"g8M1cWRJZV6",2024-07-16,0.674663722960236,5759.5,0,5769,12198.75,0,"Bundibugyo District",17073.6910967405
"g8M1cWRJZV6",2024-08-16,0.647399736837969,4802.68051923643,0,4585,7953,0,"Bundibugyo District",14836.8318550566
"g8M1cWRJZV6",2024-09-15,0.624140530028607,4818,0,4826,10169.25,0,"Bundibugyo District",15438.8307382607
"g8M1cWRJZV6",2024-10-16,0.715439239472995,5590.10624896335,0,5463,11560.25,0,"Bundibugyo District",15627.060805558
"g8M1cWRJZV6",2024-11-15,0.632109649335444,4167,0,4167,9349.25,0,"Bundibugyo District",13184.4214192297
"g8M1cWRJZV6",2024-12-16,0.570327629985922,3721,0,3721,6679,0,"Bundibugyo District",13048.6401302067
"g8M1cWRJZV6",2025-01-16,0.612981645495057,3997.25900290375,0,3849,5987.25,0,"Bundibugyo District",13042.0185735756
"g8M1cWRJZV6",2025-02-15,0.594112412228107,3998,0,3998,7188.25,0,"Bundibugyo District",13458.7324476398
"g8M1cWRJZV6",2025-03-16,0.554744360295687,3715,0,3715,6959.25,0,"Bundibugyo District",13393.5566213593
